<assembly xmlns="http://maven.apache.org/plugins/maven-assembly-plugin/assembly/1.1.3"
    xmlns:xsi="http://www.w3.org/2001/XMLSchema-instance"
    xsi:schemaLocation="http://maven.apache.org/plugins/maven-assembly-plugin/assembly/1.1.3 http://maven.apache.org/xsd/assembly-1.1.3.xsd">
  <id>distribution</id>
  
  <formats>
    <format>zip</format>
  </formats>
  
  <fileSets>
    <fileSet>
    	<outputDirectory>.</outputDirectory>
      <directory>${basedir}/src/main/java</directory>
      <includes>
        <include>**/*.java</include>
      </includes>
    </fileSet>
  </fileSets>
  <dependencySets>
  <dependencySet>
  	<outputDirectory>.</outputDirectory>
  	<useProjectArtifact>false</useProjectArtifact>
  </dependencySet>
  </dependencySets>
  </assembly>